state,year,exp_amo,dem_comm_exp,rep_comm_exp,dem_adv_exp,rep_adv_exp,dem_research_exp,rep_research_exp,dem_others_exp,rep_others_exp,dem_logistics_exp,rep_logistic_exp,dem_exp,rep_exp,votes_dem_perc,votes_gop_perc,white_pop,black_pop,other_pop
AK,2012,2770679.4300000025,0.00125,0.18734546,0.16890027,2.39073702,0.0,0.00129657,8.334e-05,0.01654261,0.0,0.00452416,0.25739576000000003,2.513283670000002,40.81265911246443,54.801577397294466,203051.0,0.18547,0.8562700000000001
AK,2016,36118248.7700023,1.19059408,0.054232129999999996,18.30424069999999,15.435947340000006,0.28161284,0.0225,0.5600959000000013,0.13227215,0.05603669000000011,0.08071693999999999,16.27741072999935,19.84083804,36.04137265096932,50.566676570353316,196210.0,0.1868,0.91427
AK,2020,29594219.040000003,0.5927412,0.05329567000000001,16.01735888,0.10932248,0.001,0.0,0.00075205,0.0,0.0009479299999999999,0.0,0.0,0.0033950800000000004,39.199327449367054,48.52279057407001,0.0,0.0,0.0
AL,2012,7077524.290000002,0.68500779,0.12158129000000001,3.06078805,2.9250830199999998,0.0,0.06430698000000001,0.08999850000000001,0.008586680000000001,0.12217198000000001,0.0,1.67988429,5.397640000000003,38.43286627932531,60.662360476691646,3371064.0,12.75628,1.6889599999999998
AL,2016,1835096.7300000004,0.0,0.12522167,0.60944029,1.0751101399999998,0.0,0.0,0.0,0.02293463,0.0,0.0023899999999999998,0.0,1.7905818300000005,34.3580266623716,62.08300307954301,3374106.0,13.01635,1.8778400000000002
AL,2020,28085542.630000018,0.7470575399999999,0.76909422,15.782765570000004,9.531822239999999,0.031117879999999997,0.08524487,0.13060526000000003,0.49614637000000006,0.43729066999999994,0.07439801,5.22104463,14.987054540000004,36.57067693250647,62.03096968799606,3389396.0,13.13291,2.0049799999999998
AR,2012,7045185.860000133,0.47023847999999996,0.16653457,4.262138100000001,1.7814586999999988,0.202985,0.015,0.13056432000000054,0.0026429399999999994,0.013110459999999977,0.00051329,5.081019810000063,1.9641660500000284,36.87899030172011,60.56693608410911,2361880.0,4.594180000000001,1.30866
AR,2016,41072034.52000002,0.33477413,0.5950794000000001,16.55225392,22.965697980000005,0.0,0.07415,0.00196779,0.33403399999999955,0.0,0.2140772999999999,17.039377950000045,24.03265657,33.675134702662895,60.61372020079725,2372809.0,4.69025,1.48084
AR,2020,7448990.950000003,0.17408342000000002,0.20157111999999994,4.408192369999999,2.5037312800000002,0.0,0.0,0.005,0.0,0.15641276,0.0,0.6650258000000001,1.0026718000000001,34.77506195301496,62.39572985614432,2385258.0,4.73048,1.5949799999999998
AZ,2012,44169823.729999945,0.28122119,1.5851393400000005,21.71047273,19.664587739999995,0.0,0.25112982000000006,0.07568746000000004,0.19470067,0.38040362999999994,0.026481150000000002,17.663934229999995,26.50588949999999,44.58976694179938,53.65453316597471,5518860.0,2.9826099999999998,7.37857
AZ,2016,32215755.449999984,0.91044913,0.8085027799999998,17.912316209999993,12.2629402,0.016049410000000004,0.19933700000000004,0.02740337,0.045571679999999996,0.029634180000000003,0.00355149,10.192598960000002,22.023156489999995,44.17172989809629,47.64234489621707,5773622.0,3.40938,8.26512
AZ,2020,173746258.8900001,3.4474290500000007,1.6526643099999994,79.36945086,78.53223397000004,5.68856907,0.09411719,1.38772928,1.68598631,1.7371718100000004,0.1508875,34.591022599999945,34.104906460000024,49.364690614366616,49.05598103046474,6013442.0,3.76997,8.88278
CA,2012,56153281.07999995,3.7819409399999993,2.24438061,27.34195869,21.247610189999996,0.10676413000000001,0.36455525000000005,0.17207792,0.047472579999999986,0.6468892500000001,0.14756053999999993,30.40203704999999,25.699173050000038,60.23895914168964,37.1203785207048,27987654.0,25.041710000000002,74.56975
CA,2016,60649670.919999965,3.165883599999998,1.24036231,38.31026218,16.353216929999988,0.31879904000000003,0.31645741000000005,0.18455021000000005,0.21987548999999995,0.36252915,0.15681183,31.428790749999994,29.199957399999995,61.72639960455788,31.61710653843944,28484043.0,25.37131,81.45943
CA,2020,149170829.75000095,8.154231010000007,1.9660508499999998,111.35844156000005,23.350977140000012,0.5568799099999999,0.075,0.9249398699999899,0.98695288,1.789493849999997,0.00786268,23.562791799999985,45.41049805999964,63.49922090345022,34.327807888313984,28424739.0,25.52757,85.34727
CO,2012,46577254.97999872,0.88527947,0.8208989699999997,20.950472490000003,19.86970375,0.24831923000000006,0.09645697,1.5777360299999583,0.51165831,1.4296386999999848,0.08647015,23.092258210000033,23.384375860000034,51.49421010370086,46.124947795378894,4577080.0,2.2538400000000003,3.9018300000000004
CO,2016,92461728.77000007,3.4648744199999997,2.092110639999999,42.33918132000001,37.70258956,2.49545458,0.26316674,2.3093339999999976,0.4029841599999998,1.12578914,0.26624421000000004,38.657124559999964,53.80460421000001,48.156980382847394,43.25139737143103,4842319.0,2.5013799999999997,4.46758
CO,2020,63829142.780000046,2.301061189999999,0.5200480900000001,31.42139274000005,28.226102980000007,0.1401317600000001,0.65218935,0.27521084999999995,0.13567303999999997,0.11583778,0.04149500000000001,5.25445915,9.53059096,55.400001166734675,41.89827117554352,5006612.0,2.64479,4.87645
CT,2012,18448011.220000006,0.4246850599999999,0.21298681999999994,13.630292749999999,3.68684336,0.18991,0.0,0.19263927,0.00020393,0.05316032,0.05728971,2.82949374,15.618517480000005,58.14462568754096,40.70372894176565,2944177.0,4.025119999999999,2.47858
CT,2016,887416.64,0.00013704,0.02830363,0.6663726699999999,0.18401939,0.00211971,0.0,0.000165,0.00584328,0.00045591999999999996,0.0,0.08654358000000002,0.80087306,54.56630109670987,40.926914378814786,2886999.0,4.18863,2.7227900000000003
CT,2020,863892.8200000001,0.020786139999999998,0.08618672000000002,0.62130226,0.11020000000000002,0.01607124,0.0,0.0,0.0,0.00832053,0.0,0.09573526,0.0,59.23871335540597,39.20949634924463,2841541.0,4.34585,2.89161
DC,2012,4855708.8900000015,0.11290693000000002,0.051939389999999995,2.8337864099999983,1.3880030799999998,0.06945044,0.0,0.13177114000000004,0.0060298,0.26182170000000005,0.0,1.495414639999999,0.0,90.91311392818727,7.2782914176005225,0.0,0.0,0.0
DC,2016,6076800.300000005,0.6819918500000001,0.02778087,3.9325424999999976,0.26820396999999996,0.41255649999999994,0.0,0.32404069,0.009002580000000001,0.39214361999999997,0.00177472,0.0,0.0,90.86382152999987,4.0874744593083765,0.0,0.0,0.0
DC,2020,2677007777.3300047,4.522052850000005,0.69087701,1741.807651360001,911.85129216,1.2567454099999997,0.0,16.96716202999999,-0.107075,0.01907151,0.0,0.00214522,942.1175414300003,92.14969392140692,5.397321376714793,0.0,0.0,0.0
DE,2012,1121488.4000000004,0.135,0.03785905,0.65279256,0.25716982,0.0,4.642e-05,9.886000000000001e-05,0.018929059999999994,0.019592629999999996,0.0,0.14907685999999998,0.9724115400000004,58.60408709537925,39.97806429480815,652811.0,2.02425,0.59943
DE,2016,235236.56,0.0,0.009594430000000001,0.082925,0.01546189,0.0,0.0,0.0,0.0014778999999999999,0.12577734,0.0,0.0,0.017905059999999997,53.18388160642171,41.78967351923377,665087.0,2.15073,0.68761
DE,2020,2812345.5599999996,0.05088032,0.022000000000000006,1.3633689400000002,1.2522956,0.02,0.0,0.0954689,0.0,0.0083318,0.0,2.09467592,0.0,58.78216702049564,39.80139282950735,674075.0,2.25544,0.74145
FL,2012,83526550.64000072,3.33576603,5.982590449999999,30.233657920000017,38.87571639,0.8400301300000013,0.219425,0.8668043699999997,0.6530034700000003,0.8018672499999997,0.12944505999999995,22.618086039999927,59.32022002999997,50.007865068698685,49.13097776197553,15093632.0,32.1952,9.8467
FL,2016,136648930.29000798,5.484627759999999,5.7312134599999975,53.23826721000005,65.62198422999997,0.39597293999999994,0.84576506,0.4949850999999752,1.9605471399999996,2.4137757100000012,0.46179168000000037,66.56850993000374,70.0804203600011,47.823315805805045,49.021941416590735,16002588.0,34.72527,11.38362
FL,2020,164217648.53999996,4.743803419999999,1.9169618600000002,94.38609944,54.68632979000002,4.067849300000001,0.160586,0.45284218000000015,0.8323602600000003,2.8864059400000013,0.08053945000000001,71.15891884999998,54.55675367000005,47.861450725442225,51.21981962250403,16597392.0,36.33515,12.4683
GA,2012,12816655.589999994,0.34282006,0.43834819999999997,4.65812603,7.21242149,0.0,0.16371399999999997,0.0,0.00042581,0.0,0.0008000000000000001,4.809566309999998,8.007089279999995,45.482160485122,53.29900898706428,6204819.0,30.993879999999997,5.972230000000001
GA,2016,34602608.35000001,0.23906691,1.37823647,14.640068760000002,17.731728840000002,0.033415070000000005,0.15628165,0.00932049,0.3526684799999999,1e-05,0.06181168000000001,16.204665730000002,18.397942620000006,45.640216287365035,50.7715851732965,6305959.0,32.98868,6.97063
GA,2020,532095266.599999,14.65339784999997,13.478513220000057,175.12956279000022,286.1276214800001,16.596021270000016,8.760790810000001,2.497820010000001,10.016078389999999,3.206911470000013,1.6285493100000008,17.57342426000008,10.405797600000012,49.49526943907977,49.25958177695571,6391505.0,34.58147,7.67771
HI,2012,4950821.060000002,0.3541772,0.04094772,3.1583400600000004,1.3645725199999998,0.00284208,0.015,0.0048197,0.00110049,0.00902129,0.0,2.61872475,2.33209631,70.53228655454251,27.851485764161573,358617.0,0.26509,10.095889999999999
HI,2016,2111737.5,0.09341576000000001,0.010906170000000001,1.6598736299999999,0.10128241,0.0,0.0,0.045968930000000005,0.00225158,0.19803902,0.0,1.86667423,0.2450632700000001,62.22149173421739,30.03867700851174,371631.0,0.30735999999999997,10.25104
HI,2020,2263494.8899999997,0.00502417,0.0,2.2584707200000005,0.0,0.0,0.0,0.0,0.0,0.0,0.0,0.0,0.0,63.73363923901899,34.26886394217965,361293.0,0.30958,10.23535
IA,2012,19104944.78,0.8598893900000001,0.40997372,8.69127288,8.62941608,0.0009375,0.14316233,0.07728778999999998,0.26075791000000004,0.012112620000000003,0.01905106000000001,6.062630949999997,13.04123033000001,51.988016534149075,46.1778685105361,2849444.0,0.97459,1.29287
IA,2016,122531865.9600002,4.407376519999997,3.7647469399999993,45.55830987000002,63.621703270000076,0.09306943000000001,0.5236176800000001,1.0124882099999988,0.5143779900000001,0.1501773,2.8628782900000003,30.81760139999948,91.69114410000013,41.740489172947406,51.14732722404601,2860458.0,1.16268,1.54645
IA,2020,224377327.3699998,5.48339405,2.4993492999999765,123.2190096800001,86.63528525999999,3.88203833,0.08986300000000001,0.32440924000000004,0.6525515900000001,1.4426696900000004,0.14875723000000002,1.4542532399999994,7.701235520000001,44.89171557144218,53.08932496920226,2859080.0,1.28105,1.67885
ID,2012,451191.02,0.0,0.09830952999999999,0.10898072,0.24383353,0.0,0.0,0.0,6.724e-05,0.0,0.0,0.09001576000000001,0.36117526,32.62233355920978,64.52978349589283,1497593.0,0.11835,0.8589600000000001
ID,2016,1343189.5299999998,0.0,0.13236305,0.5710694700000002,0.59609888,0.0,0.019001,0.000525,0.0034278499999999996,0.0,0.02070428,0.0,1.31575849,27.484926126068714,59.24615422495738,1569732.0,0.1448,0.9816799999999999
ID,2020,651695.07,0.0,0.0012660000000000002,0.0,0.6476118699999999,0.0,0.0,0.0,0.0028172000000000006,0.0,0.0,0.0,0.5640162999999999,33.062935935169136,63.83075780003571,1662365.0,0.16346,1.08354
IL,2012,69172182.69999993,2.0401467800000006,3.3334693900000003,30.83515751,31.44762061999998,0.1699359,0.35764745000000014,0.05526107000000002,0.26843305,0.5337701500000002,0.13074077999999992,29.66110784,39.51107486,57.60348698589879,40.73152226934897,10026424.0,19.01172,9.54914
IL,2016,47014358.610000774,0.66350171,1.4866110500000005,20.223875780000007,23.872282510000012,0.00638912,0.30186498,0.16656760000000104,0.22895390999999998,0.013383779999999951,0.041442599999999996,20.532256729999908,26.472616309999896,55.601581446908426,38.606370150468436,9897625.0,18.79042,10.4386
IL,2020,42352813.41000001,1.663684120000001,1.0670204299999995,30.00799277,8.52316202,0.060892089999999996,0.024087499999999998,0.10215034000000003,0.13823467999999997,0.7170521399999998,0.048537319999999995,8.202006420000005,14.993502589999993,57.492982935492684,40.519155137153604,9726915.0,18.52516,10.9239
IN,2012,36838810.99,0.9611206999999999,2.21434523,15.907518250000004,16.93113751,0.02815,0.10768858999999999,0.050399820000000005,0.5413459700000001,0.02457306,0.07253186,16.39552292000001,20.44328807,43.927302904058386,54.125532380224456,5654491.0,6.16675,2.6653700000000002
IN,2016,58266470.210000195,1.0919373299999997,2.4585580199999986,28.10278264,25.622212550000008,0.03442417,0.018,0.0577695799999999,0.6412409099999998,0.002281360000000001,0.23726364999999994,0.0,33.472237709999966,37.774839686752046,56.94003344841127,5678320.0,6.42941,3.13043
IN,2020,78092103.94999994,1.9953174100000002,1.36007012,42.22289989,30.592528929999972,1.5267084000000002,0.247608,0.00225,0.05390235,0.07270599999999999,0.01811285,33.932316609999994,30.000949550000005,40.96320121535093,57.03063235568532,5709592.0,6.69596,3.53031
KS,2012,983293.2000000002,0.0028174800000000002,0.06048627000000001,0.17687698000000002,0.74298765,0.0,0.0,0.0,0.00012482,0.0,0.0,0.01916724,0.96412596,38.04596567882144,59.65895036903656,2517824.0,1.7762799999999999,1.89805
KS,2016,21444284.690000005,0.37099113000000006,0.8115416599999999,10.730397699999996,2.1220580400000006,0.047545000000000004,0.046295,0.005059,0.034664919999999995,0.0,0.05200468,0.10226779,14.118289339999993,36.05234029295772,56.65453397196732,2520984.0,1.79604,2.10256
KS,2020,76485848.59999998,1.2972224100000003,2.346480919999998,37.72681992000001,33.59992749000001,0.0027565,0.57808,0.13659341999999997,0.39089967000000003,0.37586206,0.031206209999999998,4.972743020000004,9.335108499999997,41.3961663259401,56.17357270887626,2513846.0,1.78725,2.20743
KY,2012,11980967.829999993,0.05591803000000001,0.4288163800000002,3.44872581,7.899013479999997,0.0,0.14159379,0.00012041,0.00677993,0.0,0.0,7.110813880000001,4.8701539500000015,37.80132783444579,60.49314159932161,3888889.0,3.5325300000000004,1.44204
KY,2016,33595271.33000007,0.5835186699999999,1.54288371,9.655604990000006,20.99750401999999,0.09167841,0.04149968000000001,0.36924778000003694,0.13012593999999997,0.07672908000000044,0.10647905,20.65239456999899,12.942876759999109,32.68218833364776,62.5196385519001,3903401.0,3.6750599999999998,1.67275
KY,2020,35941604.03999994,2.35613517,0.30063629000000003,16.193503929999636,14.737134760000007,0.17123759,0.0008500000000000001,0.25972659,0.11422299,0.016112730000000002,0.04198900000000001,1.78836644,2.9828636800000004,36.151514811154044,62.08657186929046,3909923.0,3.78479,1.7927099999999998
LA,2012,3249855.5500000007,0.28891186,0.6443423500000002,0.93261571,1.16748115,0.0,0.125,0.00328632,0.08138698,0.0,0.006831180000000001,0.27494941,2.9749061400000003,40.57746362330215,57.78457572847425,2929570.0,14.91445,1.7995700000000001
LA,2016,32004491.980000153,0.6065273,1.0700913499999993,14.89205722,14.375083470000002,0.06129147,0.13952249,0.06355652,0.5627542100000078,0.06066,0.16694795000000034,12.68049409,19.317997889999994,38.44956609851397,58.08868465356879,2955059.0,15.2463,1.98446
LA,2020,1746344.01,0.0,0.02316150000000001,0.28649,1.401196309999999,0.0,0.0,0.0,0.035496200000000006,0.0,0.0,0.0,0.00403428,39.85145680152621,58.46088241400855,2918843.0,15.247329999999998,2.05218
MA,2012,15476234.739999589,1.4749258100000002,2.199689699999999,5.988170440000001,4.805180460000001,0.0,0.0425,0.3047414599999839,0.00800526,0.653021610000002,0.0,7.721343680000161,7.75489106000015,60.651241079283935,37.51267059730088,5559165.0,5.35191,5.68649
MA,2016,10948599.920000004,0.5856474700000001,0.57058392,3.366231800000001,5.426817989999999,0.01817536,0.0,0.046000420000000014,0.01090333,0.91347025,0.01076938,3.740098630000001,7.208501289999999,60.93029434533854,33.314236590926086,5576223.0,5.89701,6.57684
MA,2020,14729941.760000004,1.0474267099999999,0.23017733,9.631583620000008,3.4013016,0.009000000000000001,0.0,0.0069004,0.14722711,0.05491125,0.20141374,0.84314453,0.0701528,65.60006300596851,32.14191103050557,5554165.0,6.2190199999999995,7.16436
MD,2012,4564119.4399999995,0.17999458000000002,0.22369752,2.93253846,1.1522282200000002,0.00028263999999999996,0.0265,0.00674388,0.009578860000000002,3.391e-05,0.0,1.19471197,3.3368860999999987,61.974190779318505,35.89773233894539,3574008.0,17.74916,5.38068
MD,2016,12046911.019999992,0.5322870199999998,0.8026429600000001,6.3024341,3.54912223,0.43630707,0.0,0.01992777,0.0094288,0.39476106999999994,0.0,0.0,0.0,60.32574423519277,33.90930472854768,3565668.0,18.41676,5.95979
MD,2020,1556515.49,0.16108878000000007,0.15165411,0.07843253,0.46404,0.0,0.29620831000000003,0.0,0.13255554,0.0,0.0,0.10773731,0.94880796,65.36066486007711,32.15029156774875,3539444.0,18.78645,6.27591
ME,2012,6172482.720000002,0.02476,0.02541326,1.9863781299999999,0.39968048,0.0,0.025,0.0,0.00325256,0.0,0.0,0.7068867099999999,0.0,56.22030456566863,41.03750602005841,1265573.0,0.17714000000000002,0.44442
ME,2016,13767282.420000002,0.5354427100000001,0.10864582,7.361769919999997,5.547531339999999,0.0,0.19900492,0.00611466,0.00385243,2.192e-05,0.004898700000000001,5.57795216,8.18933026,47.680931686787005,45.02305962435193,1261844.0,0.20636999999999997,0.48836
ME,2020,125649446.56999993,3.111070929999999,0.8004724000000002,62.0562364099999,52.948881249999985,4.07643934,0.0,0.2758024900000002,0.15524243,1.1655207,0.0907875,2.96657465,8.609404640000001,52.900557917762434,44.22776316759653,1269326.0,0.22691,0.52195
MI,2012,28274064.810000055,1.40036151,1.5934181900000008,10.983492999999996,13.752201269999976,0.11916778,0.1543558,0.11695430999999962,0.043342940000000024,0.052681220000000015,0.05808879000000003,11.308920450000095,16.96514435999996,54.20820421051875,44.710916027420225,7928676.0,14.148439999999999,5.53625
MI,2016,40514178.779998295,3.0299878299999996,0.21526125000000004,20.54782048,14.29937293,0.8288623500000004,0.171042,0.610491470000049,0.28232602,0.36679292999999835,0.16222151999999998,14.153529429998562,26.36064934999998,47.27453095086684,47.49756421999615,7917934.0,14.085989999999999,6.24038
MI,2020,156065744.08000004,5.250496360000002,2.369545469999999,76.86036748000004,62.40065605000003,3.548379810000002,0.46360425000000005,1.8970570399999998,2.03532102,1.0447066,0.13051000000000001,17.963943150000013,15.173649069999987,50.62081829082437,47.83729069113762,7911567.0,14.0789,6.6739999999999995
MN,2012,11009879.60999994,0.37415387999999994,0.14640538,5.447616029999998,1.1509485700000004,0.07232589,0.0,0.07245256000000005,0.00935208000000001,0.2757148000000002,0.01693,0.0,6.900551559999998,52.65230315324626,44.958201106668646,4646105.0,3.0071,4.29828
MN,2016,48677548.26000001,1.2109642800000002,0.11831169,25.975830720000005,2.81610356,0.00214174,0.14083189000000002,0.03646716999999999,0.0772483,2.192e-05,0.0015447999999999998,0.0,27.941432110000008,46.44491857377701,44.92478809350543,4685535.0,3.53124,4.84085
MN,2020,65036700.21000007,1.29971587,0.32463574000000006,31.89288638,8.217712789999997,0.82988426,0.0,0.17814204999999994,0.28816072,0.014030229999999994,0.01339114,10.968180260000002,16.100276899999987,52.39509930974002,45.284942409169375,4723931.0,3.9555599999999997,5.20145
MO,2012,22196457.590000562,0.60687834,0.8452829500000001,13.896979540000007,5.605342190000001,0.061982929999999985,0.047066,0.19766995000000126,0.14898691,0.6358349899999994,0.15043379000000004,5.901420640000008,16.295036950000267,44.38366060859271,53.76395562054639,5049542.0,7.072989999999999,2.6752599999999997
MO,2016,43472478.71000003,0.6384795999999999,2.479269710000001,21.73972038,17.809746380000004,0.0012408500000000002,0.04246975,0.13327683999999843,0.49911632999999994,0.04760697999999994,0.08155188999999996,0.0,17.361971889999694,38.15185754979464,56.79710021546773,5067791.0,7.200189999999999,2.99325
MO,2020,88574779.36000001,0.18880926999999995,0.9154563100000005,42.933885800000006,43.692941870000006,0.5768290899999999,0.08005937999999999,0.00225,0.12665664,0.00031499999999999996,0.05757600000000001,45.11166689,31.518001290000008,41.40878173618836,56.7996557788895,5086188.0,7.255789999999999,3.25661
MS,2012,5070140.88,0.20967977,0.10924019,2.20418001,2.4914113799999997,0.0,0.0405,0.015,0.00012953,0.0,0.0,1.51649461,3.5536462700000007,43.78935954398936,55.28584674358113,1790197.0,11.14071,0.79548
MS,2016,10220194.09,0.28996335,0.7668676700000001,5.274346389999996,3.4713199599999993,0.0035,0.0,0.06024155,0.27500891,0.00045689,0.07848936999999997,0.0,10.10171745,40.1147882717841,57.94103808883564,1773354.0,11.26424,0.8816
MS,2020,10448087.199999997,0.44823399999999997,0.6460954200000002,3.6900473999999996,5.1177213,0.47962900999999997,0.0,0.00645,0.0,0.00907257,0.0508375,5.9271138200000015,3.9878734799999984,41.013307704356365,57.54080436260339,1758081.0,11.24559,0.93509
MT,2012,22251580.530000016,0.80703034,0.16737877999999995,10.470873979999995,10.617031280000004,0.041800000000000004,0.0,0.03453705,0.10463010000000002,0.008298999999999999,0.0,11.215488619999995,0.0,41.708132547548,55.36480331947464,900098.0,0.0545,0.98235
MT,2016,1748669.2899999998,5.88e-05,0.05902348999999999,1.1579647,0.52027842,0.0,0.009,0.0,0.0016322799999999998,0.0,0.0,0.2281728799999999,1.5197848099999998,35.745765337013005,56.16849744642933,927814.0,0.05935,1.0711
MT,2020,167818763.59000012,3.93714532,3.0907363500000007,77.9036168,76.67303138000001,3.927601239999999,0.8264247400000002,0.3294505300000001,0.6212338999999998,0.28453098999999993,0.20694733999999998,24.79560311,18.765422110000014,40.41040033016921,56.72340074288073,950211.0,0.06389,1.12178
NC,2012,14816579.969999999,0.35008454,0.4703418999999998,6.38320943,7.452446789999998,4e-05,0.15741647,2.472e-05,0.00281612,0.0,0.0002,7.145363640000001,7.67121633,48.35096857706757,50.39306410214295,7006490.0,21.47706,5.9528
NC,2016,129726370.4300004,4.33968215,4.394809859999997,63.70005956999999,50.86521970000001,3.17325605,0.43236125999999997,0.7705010000000141,0.7329613200000042,0.5239075500000041,0.37361197000000024,53.712123370002786,75.59424706000394,46.17286616820947,49.82809469618042,7210675.0,22.5393,6.90183
NC,2020,250120818.59000057,4.684562780000001,4.802379550000005,124.11165008000012,108.10758572999993,4.5360575800000005,1.9717727299999996,0.14155949000000007,1.4630876000000004,0.1334753,0.16868775000000003,4.73953135,4.96017505,48.586220571564475,49.934341526509286,7399487.0,23.305629999999997,7.58034
ND,2012,17602980.879999988,0.38591951999999996,0.16811268999999998,8.809129560000006,7.935953269999997,0.0,0.0265,0.26156486999999995,0.015800969999999998,0.0,0.0,7.6483645299999985,9.954616349999998,38.69731088897972,58.315682558557214,630565.0,0.10805,0.59806
ND,2016,197329.70999999996,0.00785088,0.005388979999999999,0.10773685,0.05523211,0.0,0.0,0.02,0.00112089,0.0,0.0,0.04632556,0.15100415000000006,27.22673945870601,62.95562783133929,662681.0,0.2222,0.69533
ND,2020,15706609.289999994,0.10117899,0.06960111000000001,6.921402500000002,8.461439120000001,0.0,0.07815299999999999,0.0,0.0038345700000000003,0.0,0.07100000000000004,9.595879019999996,6.105730269999999,31.756762359080092,65.11404873707572,662555.0,0.25984,0.73523
NE,2012,7826640.649999995,0.030935260000000003,0.4560827,3.4964314499999993,3.7484437799999997,0.02,0.0,0.0010052800000000003,0.07076217000000001,0.0,0.0029800099999999995,1.5809321099999991,6.245708539999996,38.02731441792897,59.80319217904804,1665400.0,0.8890399999999999,0.9899899999999999
NE,2016,13976387.120000001,0.00010479,0.5098875,6.333750149999998,6.878251329999999,0.0,0.20669685999999998,0.000705,0.03943681,0.0,0.007554679999999999,5.926924970000001,8.04946215,33.700353120813276,58.750134745026855,1690996.0,0.9622299999999999,1.18397
NE,2020,9816721.72,0.19443459999999996,0.0025453299999999997,4.61486917,4.7492131299999985,0.0027565,0.0,0.05802321000000002,0.0007417,0.19413808000000005,0.0,0.3240270099999996,0.43214945,39.166794753962606,58.224406851258756,1704129.0,1.00763,1.29516
NH,2012,15909803.130000003,1.0381333199999998,0.5079652399999999,6.283018809999997,6.801494629999999,0.06523875000000005,0.0765,0.19949407000000008,0.00039785,0.93756046,0.0,7.100578190000001,8.809224940000005,51.982681863640785,46.4064726393982,1249139.0,0.1815,0.56943
NH,2016,176716644.8100001,3.51592903,2.93827762,81.22896447999997,83.45080510000008,0.09200103999999999,0.22991499999999998,1.5688288400000001,1.8902335700000001,1.69592558,0.09439574999999999,51.91008782,124.79518819,46.82626266969054,46.4586669819534,1255396.0,0.2138,0.6553100000000001
NH,2020,10098309.25,0.5775445100000001,0.33272296,7.47703885,1.1439353300000001,0.10929519,0.0015499799999999998,0.20687843,0.06526027,0.18408373,0.0,1.5847115799999998,0.6670811799999998,52.822619743172176,45.45504270104298,1266097.0,0.24370999999999998,0.69243
NJ,2012,4479108.219999999,0.2655474,0.10254722000000001,1.7152458099999999,2.0946697700000003,0.034872,0.015,0.1975,0.00039402,0.0009,0.052432,2.08438823,2.39471999,58.377212597231214,40.58927141009568,6529804.0,12.98354,10.16784
NJ,2016,12815014.599999994,2.24501168,0.37881265000000003,7.946486889999999,1.6559973899999998,0.44979419,0.01,0.0022530000000000002,0.0514459,0.06867627999999999,0.006536619999999999,4.744695729999998,8.070318870000001,55.4530844496942,41.350386650029456,6447703.0,13.23504,10.9962
NJ,2020,75229867.47999999,2.9745630200000006,1.02246607,51.96018019,18.490909800000004,0.5237065000000001,0.00625,0.14238872999999994,0.030288489999999998,0.04190747,0.037207210000000004,17.45484656999999,30.73942601,57.14726720847354,41.26155670370976,6388804.0,13.37457,11.559289999999999
NM,2012,7997340.469999857,0.47759435999999994,0.09268214,3.915072219999999,2.8944151499999995,0.012,0.041499999999999995,0.2500141700000002,9.083999999999999e-05,0.31397158999999825,0.0,3.6401420200001104,4.357198450000055,52.992760520466774,42.84332663909013,1736120.0,0.5020100000000001,3.00988
NM,2016,226270.1,0.00011845,0.015688380000000002,0.01191667,0.19525867000000002,0.0,0.0,0.0,0.00328793,0.0,0.0,0.18877828,0.037491820000000016,48.2556471786341,40.04251433324273,1721226.0,0.52473,3.1793099999999996
NM,2020,34392789.86999998,0.6593558400000001,0.25368022,17.304451540000013,11.089758810000003,0.03806686,0.0,0.05406984000000002,0.10334051000000004,0.41890572,0.0005,4.80280461,0.089048,54.28928584957222,43.496669246129464,1716656.0,0.54772,3.25401
NV,2012,57186981.51999754,0.6193887900000001,1.22166125,26.41573077000001,25.255294080000002,0.3485365400000002,0.09866699999999999,0.6463783700000092,0.22791092999999996,2.329287850000001,0.02412594,28.816599610000896,28.37038191000007,52.35624947040056,45.67531564126364,2117644.0,2.43918,3.8243400000000003
NV,2016,124131402.14,1.9267559499999993,2.374104369999999,53.603621500000166,61.068069639999955,0.58591771,0.3830139900000001,0.2368522499999999,0.5766857700000002,2.2438234000000006,1.1325575599999989,61.151739379999974,62.97966275999993,47.91782367811904,45.50069531760242,2197650.0,2.80959,4.38954
NV,2020,86105116.8599998,2.2577842600000015,1.6737021600000004,50.943592470000056,27.139399319999992,1.3537013300000003,0.015,0.09184475000000003,0.09104633,2.488658740000003,0.050387499999999995,34.25815174,39.27458369000002,50.05678195728403,47.6662473245594,2277552.0,3.16303,4.86301
NY,2012,44960095.19000003,2.261881280000002,1.6170278800000006,17.415049310000008,22.21507628999999,0.40061975,0.34545210000000004,0.04621367,0.09507321000000003,0.3082755399999999,0.25500366,21.06420413,23.895468560000023,61.23299242062186,31.48429075641557,13930746.0,34.25285,22.16901
NY,2016,49426539.79999826,2.346422669999998,0.84474099,26.757388110000008,16.14418943,0.18725264999999996,0.5284365500000001,0.1948437599999996,0.15795390000000004,0.40845697,0.037748460000000005,15.082582319999675,32.524851169999124,59.00282625847517,36.518183975504975,13773337.0,34.533559999999994,24.06735
NY,2020,98933373.01999977,4.117538660000001,1.6281237000000008,67.21696643999998,24.43901819,0.09280443000000002,0.03214897,0.3294074200000001,0.22579967000000004,0.5446575499999998,0.19804738,9.95027739999999,19.84262142,60.86213129794382,37.722291890687366,13546776.0,34.21123,24.85662
OH,2012,70114929.23998874,1.6942723500000014,3.1818141799999995,32.60322488,28.75122495000003,0.15852683,0.14373799999999998,1.1450798000001474,0.5519802500000002,1.7960187400000192,0.08904926000000002,29.350211899999323,40.76471733999973,50.666747658319856,47.688440878422576,9629012.0,14.43061,4.7685
OH,2016,54087679.37002068,0.47161058999999983,1.1217418099999998,18.70138273999999,30.506010860000004,1.4871115299999993,0.16108373000000004,0.9806612599998764,0.04797418,0.47968107999999254,0.13042159000000006,31.29056312999155,22.797116239994914,43.55807627672003,51.68765067578619,9583165.0,14.936129999999999,5.57592
OH,2020,28579442.010000147,2.6210599500000002,0.9435328999999998,14.681968020000003,8.384196419999999,0.9149666000000002,0.1693195,0.23518110000001075,0.46350046999999983,0.15017647000000015,0.015540580000000002,9.450605050000084,7.2125547700000014,45.23933834070503,53.27130010087464,9552736.0,15.2557,6.10794
OK,2012,2182259.6699999995,0.03214893,0.18338587,0.6959627899999999,1.2705961,0.0,0.0,0.0,0.00016597999999999998,0.0,0.0,0.0,2.15780828,33.22768025698344,66.77231974301655,2883680.0,2.91158,6.43976
OK,2016,2833191.0799999996,0.00021641,0.07065857,1.23939528,1.46037719,0.0,0.037,0.000135,0.02540863,0.0,0.0,0.07995272000000002,2.753238360000001,28.93168028454389,65.32286481962736,2927248.0,3.04272,6.948110000000001
OK,2020,14766526.530000001,0.12267424999999998,0.09870223,10.566799429999998,3.78543079,0.00025,0.0,0.0032374500000000002,0.0228125,0.16661988,0.0,0.42966375,0.8000203100000001,32.28617433598663,65.37327184806297,2927354.0,3.07819,7.217980000000001
OR,2012,5574452.609999999,0.13211848999999998,0.18578997000000003,3.1298635300000006,2.0439191599999997,0.0,0.0265,0.0,0.00913596,0.0471255,0.0,1.8240179700000003,3.75043464,54.23932665276902,42.14987117651333,3443374.0,0.7755,3.7807699999999995
OR,2016,4682698.4399999995,0.05602422,0.5020494999999999,0.61642978,3.0844154799999997,0.0,0.175,0.0008202800000000001,0.19750673000000002,0.0,0.05045245,2.25303692,2.4296615200000007,50.0718520028621,39.094035184496754,3571132.0,0.87084,4.3176
OR,2020,5950297.069999999,0.30388292000000006,0.042597160000000016,5.2123694899999995,0.3613955000000001,0.025,0.0,0.005052,0.0,0.0,0.0,0.04676348,0.0,56.45331865404889,40.36724604634336,3655136.0,0.9374,4.68861
PA,2012,54304810.83999589,1.0966867200000001,2.3356653,22.395863530000007,26.09252918999998,0.37881343999999995,0.29999489,0.872701190000001,0.4136075000000002,0.2828503400000009,0.13609874,27.289406559999232,27.01540428000011,52.0768577021407,46.68086603367444,10643666.0,14.651710000000001,6.58281
PA,2016,142271028.48999658,2.13904616,2.1262139899999997,69.2606127200001,62.29760453999997,1.6125018300000002,0.19113876000000002,0.7281505299999457,1.0988335599999994,2.348322589999982,0.46860381000000007,69.53449497001711,72.73653352000612,47.85361616456286,48.57788580374602,10523295.0,15.091,7.4988
PA,2020,104991297.61999986,1.48279821,1.6713622299999997,66.27680952999997,30.377116699999966,1.7685295999999986,0.2816535,0.8315269299999984,0.8957099,1.2524917199999963,0.1532993,20.167594690000215,14.822345570000026,49.96094728641762,48.781784930663214,10447062.0,15.400920000000001,8.14835
PR,2016,2872.16,0.0,0.0,0.00010570999999999999,0.0,0.00266074,0.0,0.00010570999999999999,0.0,0.0,0.0,,,,,,,
PR,2020,288866.47,0.0,0.0,0.28886647,0.0,0.0,0.0,0.0,0.0,0.0,0.0,,,,,,,
RI,2012,1111369.96,0.21913063,0.014899470000000001,0.33536242999999993,0.5249152,0.0,0.017,0.0,4.8349999999999996e-05,1.3880000000000001e-05,0.0,0.49702284,0.6143471200000001,62.68725362840714,35.25786425976905,903906.0,0.7843600000000001,0.7227899999999999
RI,2016,37490.24000000001,6.303999999999999e-05,0.00841323,0.0,0.02726405,0.0,0.0,0.0,0.00174992,0.0,0.0,0.0,0.0,54.354618744281595,38.94772731196161,892309.0,0.8514,0.7932100000000001
RI,2020,155000.0,0.0,0.0,0.0,0.155,0.0,0.0,0.0,0.0,0.0,0.0,0.0,0.155,59.29900868154064,38.699376238179795,885518.0,0.9010799999999999,0.83735
SC,2012,25847582.350000005,0.50011399,0.52547707,19.53884918999999,5.2499607600000004,0.0,0.0265,0.0010959099999999999,0.00558543,0.0,0.0,2.21076622,23.63681613,44.08803340736147,54.561131255861405,3224408.0,13.20933,1.72013
SC,2016,20878685.46999999,1.9016981700000004,0.9134907699999997,8.646639659999996,8.626953960000002,0.049189750000000004,0.0,0.03651686,0.12389024000000001,0.56103573,0.01927033,1.6955956799999998,19.18308979,40.673419789665104,54.939332685695426,3393188.0,13.61728,2.03052
SC,2020,72362420.96000002,2.7093610900000007,1.3996591199999995,31.320949169999984,34.17318209999998,0.54207225,0.33303900000000003,0.5556832900000002,0.41090139000000003,0.013996209999999999,0.04779233,0.7235039500000002,3.791134190000001,43.43008814206178,55.11029395674024,3532048.0,13.880170000000001,2.28649
SD,2012,1801448.65,0.0,0.038750320000000005,0.56563697,1.16914527,0.0,0.02788,0.0,3.609e-05,0.0,0.0,1.2987237699999998,0.50272488,39.86614075835246,57.889311875541146,716757.0,0.1373,0.8904200000000001
SD,2016,5043648.320000001,0.04000676,0.07130596,3.209402359999999,0.9792469299999997,0.0,0.0,0.0,0.0013063399999999998,0.0,0.0,2.0016006,2.2996677500000007,31.737428159948987,61.5307503789588,732787.0,0.17505,0.9827899999999999
SD,2020,1223090.76,0.0,0.0,1.1602957600000001,0.057795,0.0,0.0,0.005,0.0,0.0,0.0,0.0,0.41995720000000003,35.605252136135285,61.76938967225024,748070.0,0.20332,1.16257
TN,2012,7266710.300000003,0.12384747,0.24637103,2.8284291,4.03705727,0.0,0.03,0.00068497,0.00032046,0.0,0.0,2.1624595200000005,5.104250780000001,39.07581499379519,59.47871471993759,5114883.0,10.9653,2.42485
TN,2016,2890393.6399999997,0.05060543000000002,0.04967663,0.87089361,1.8847956300000002,0.0,0.0,0.00139344,0.03215854,0.00077036,0.0001,0.0,2.4760649,34.716332798650086,60.72203369421462,5231842.0,11.35529,2.7863900000000004
TN,2020,59976413.29000004,1.6403965399999998,1.370154110000001,25.114120489999998,28.305712429999986,3.0490341200000013,0.29296626,0.0002,0.06669425999999999,1.826e-05,0.13711682,28.010638879999995,26.43989298000003,37.4514342710237,60.66029416628382,5354405.0,11.64461,3.10308
TX,2012,24967874.640000023,0.36257973,0.8470324500000002,15.392208150000002,6.984067179999993,0.18782900000000002,0.28101123,0.10402572999999996,0.55970545,0.12532124,0.12409448000000001,4.384836670000001,20.583037970000024,41.383358283760856,57.1669774680564,21028816.0,32.084,18.47265
TX,2016,19551220.31,0.88054868,0.6355104800000002,11.560251299999988,6.215110189999994,0.008048,0.141855,0.012838559999999999,0.053823949999999995,0.00012692,0.04310723,6.7945926399999985,12.756627670000002,43.23525798101196,52.234685579335384,22172579.0,35.19315,22.22516
TX,2020,182265020.99999976,3.7750049599999977,4.57425465,108.13533875000053,59.55986433,0.4052865900000009,1.485909319999999,0.19629125000000008,0.7245999300000002,0.6436825,0.5719542200000003,22.561776379999966,31.777078450000033,46.467285349743435,52.044471811096585,22806130.0,37.39221,24.5053
UT,2012,6045111.779999999,0.34158367,0.34530090999999996,3.88977081,1.0282695100000003,0.06872875,0.0,0.20335810999999998,0.07363024,0.06703978000000001,0.01693,0.4980937600000001,5.536518019999997,24.74966582796037,72.7905331026891,2619813.0,0.36191999999999996,1.9737
UT,2016,2719729.9999999995,0.22764861000000003,0.35555396000000017,1.1669841800000003,0.7713135999999999,0.0,0.09596993999999998,0.0,0.02131615,2.192e-05,0.07010364000000002,0.0,2.642705149999999,27.4587027036582,45.53803593682331,2773420.0,0.414,2.27048
UT,2020,15882215.0,0.69965879,0.9801853600000003,10.555148249999995,3.507446660000001,0.0,0.0,0.0,0.09730330999999995,0.0319,0.010572630000000001,0.08279547,3.2126368199999966,37.64604858330606,58.12983902991961,2904132.0,0.47536999999999996,2.5428900000000003
VA,2012,55015656.95999843,0.57456164,1.21200587,23.556078500000016,27.853242620000003,0.10480749999999994,0.09690035999999999,0.3039110999999875,0.08485158999999998,1.214727759999998,0.014570020000000005,30.65558248999957,24.3600744699996,51.15645679621864,47.28310289638911,5823083.0,16.09515,7.52482
VA,2016,21270682.869999997,0.5054322199999999,0.6358678,11.993019870000001,7.73449239,0.0139421,0.11683774999999999,0.17704317,0.04226784,0.0502979,0.0014818299999999997,8.892173500000004,12.378509369999998,49.72789199301015,44.40669663012711,5893536.0,16.62906,8.53664
VA,2020,59837653.239999935,2.0109500999999996,1.1418327599999993,35.52039528,19.474162610000004,0.36288807,0.31326200000000004,0.21698274000000006,0.3941584,0.27629868999999985,0.12672259000000002,12.494691310000002,14.57112654,54.10951717780243,43.99550366728215,5922648.0,16.96911,9.1596
VT,2012,36287.130000000005,0.0,0.00397102,0.0,0.03225976,0.0,0.0,0.0,2.909e-05,1.363e-05,0.0,0.0,0.0,66.5705503023823,30.972635236726926,596853.0,0.07021000000000001,0.22216
VT,2016,491165.54999999993,3.793e-05,0.00506162,0.14063240000000002,0.34403023999999993,0.0,0.0,0.00035056,0.0010528,0.0,0.0,0.0,0.0,56.675987139651575,30.268474055548328,590279.0,0.08051,0.25327
VT,2020,649817.76,0.0,0.007,0.01559,0.0,0.004,0.0,0.03832764,0.0,0.01234442,0.0,0.07726206,0.0,66.08641693066397,30.67376465593259,588102.0,0.08774,0.27113000000000004
WA,2012,24486396.259999998,1.04932505,0.7652020999999999,10.89160797,11.43582533,0.0,0.0485,0.00047785,0.012680229999999999,0.28187772999999994,0.0009000000000000001,11.755252870000005,12.731143389999987,56.16339829967276,41.29462143210913,5619937.0,2.70912,10.06209
WA,2016,1582712.530000001,0.04611487,0.0882424,1.0403788499999997,0.21191489999999996,0.00513845,0.0028,0.00253659,0.01104169,0.16956775999999996,0.0049770199999999995,0.0,0.3823829300000001,54.30357713757948,38.069976012818096,5827356.0,3.0280299999999998,11.64612
WA,2020,24454464.540000007,1.4832770699999998,0.41759672999999997,16.04386216,5.671912489999999,0.2983438,0.00018675,0.14569126000000007,0.0031300000000000004,0.39046427999999994,0.0,8.851788260000015,9.647713610000004,57.97030113530307,38.76697774334328,5977696.0,3.31924,13.05273
WI,2012,55579861.4199988,1.5677269300000003,0.8399218500000002,29.35187315999998,20.954233990000002,0.32567003999999783,0.15595298,0.5816692200000046,0.015087999999999997,1.770899069999988,0.016826180000000003,20.539207699999846,35.040653719999945,52.77616253515459,45.93834671361977,5042978.0,3.74115,3.02867
WI,2016,33569495.78999999,0.81108441,1.3404070799999994,11.646239869999999,18.581717350000005,0.41502023000000005,0.070175,0.05762617000000001,0.29400139999999997,0.14842328000000002,0.13080099999999997,0.0,14.31057014,46.436078532055575,47.19612145228453,5045904.0,3.84254,3.4247
WI,2020,37396835.83,0.5529490599999998,0.8459850899999999,17.143248949999997,17.744024569999993,0.05527895000000004,0.27927666,0.20626648999999997,0.23813520000000005,0.19615638999999996,0.13551447,12.84334952,10.59158312,49.454016435006025,48.829030082320614,5067781.0,3.9054300000000004,3.6411
WV,2012,14880408.939999998,0.17156005000000002,0.18740721999999996,6.3453955099999995,8.058447329999996,0.0,0.07721026,0.0013884800000000003,0.00869553,0.0,0.03030456,7.705703980000003,7.1747049600000015,35.53919813853589,62.29565658373605,1745665.0,0.64828,0.46379
WV,2016,12986454.660000002,0.10664786,0.20964440999999995,6.2803542100000005,6.249936280000004,0.0,0.12209566999999999,0.0,0.016348380000000003,2.192e-05,0.00140593,6.7020227899999965,6.2844318699999935,26.47692801777152,68.63057481161937,1714557.0,0.65227,0.51239
WV,2020,38998170.43999998,0.9722108599999999,0.40935569999999993,20.500467389999997,15.692066619999997,0.0,0.059133000000000005,0.0,0.026331139999999992,0.0,0.00985,19.086103220000012,18.475528230000016,29.69652124451961,68.63155192461606,1675122.0,0.6461,0.52415
WY,2012,65402.59000000001,0.0,0.0034697499999999997,0.0,0.06190766,0.0,0.0,0.0,2.518e-05,0.0,0.0,0.0,0.0,27.81888774236031,68.64262168705659,537181.0,0.07671,0.31453000000000003
WY,2016,266716.74,3.2829999999999996e-05,0.008297669999999995,0.23903,0.018444810000000002,0.0,0.0,0.0,0.00091143,0.0,0.0,0.0,0.25368707,21.877357347497934,68.17263307654125,542675.0,0.07326,0.34214
WY,2020,1016250.2100000001,0.00141487,0.4985867899999999,0.0772,0.28095150999999996,0.0,0.0,0.00164723,0.15644981,0.0,0.0,0.0,0.07801487,26.553574332014524,69.93622748541179,535371.0,0.07467,0.35921
